species,Temp,Nutr,n,turionsTOT,sd,se,label
WB,18,high,8,10.25,9.361776,3.309888,c
WB,18,low,8,49.875,22.712096,8.029938,"b,c"
WB,18,med,8,48.625,36.496331,12.903401,"b,c"
WB,24,high,8,177.625,84.736461,29.958863,a
WB,24,low,9,115.4444,28.862221,9.62074,"a,b"
WB,24,med,8,166.25,51.028703,18.041371,a
WB,30,high,8,78.75,61.411376,21.7122,"b,c"
WB,30,low,8,112.25,43.57178,15.404951,"a,b"
WB,30,med,8,167.375,46.377142,16.396796,a
