species,Temp,Nutr,n,turion_area_per_day,sd,se,label
WB,24,high,8,2.7171915,1.2963229,0.45831936,a
WB,30,med,8,2.5600677,0.709477,0.250838,a
WB,24,med,8,2.5430296,0.780597,0.2759827,a
WB,24,low,9,1.7654409,0.4415839,0.14719464,"a,b"
WB,30,low,8,1.7166287,0.6665057,0.23564536,"a,b"
WB,30,high,8,1.2044754,0.9395416,0.33217813,"b,c"
WB,18,low,8,0.7623291,0.3474291,0.12283472,"b,c"
WB,18,med,8,0.7435135,0.5582417,0.19736824,"b,c"
WB,18,high,8,0.1566037,0.1432496,0.05064637,c
